Name;Surname
Gracjan;Kamiński
Czesław;Zalewski
Mieszko;Wróblewski
Ignacy;Mazurek
Kacper;Wójcik
Bartosz;Górecki
Bogumił;Kowalski
Amir;Kwiatkowski
Kryspin;Zakrzewska
Mieszko;Bąk
Miron;Sokołowski
Arkadiusz;Kozłowski
Leszek;Sikorska
Kamil;Pawlak
Emil;Górski
Miłosz;Kaczmarczyk
Janusz;Pawlak
Kamil;Chmielewski
Eustachy;Urbańska
Piotr;Włodarczyk
Leszek;Włodarczyk
Ksawery;Wróblewski
Adrian;Szewczyk
Mateusz;Maciejewski
Henryk;Malinowski
Gniewomir;Maciejewski
Kamil;Jankowski
Łukasz;Lewandowski
Bronisław;Krajewska
Ryszard;Ostrowski
